First Last,First,Last,Company,Domain
Peter Cain,Peter,Cain,dataGO.co,www.datago.co
Jim Swift,Jim,Swift,Printhie Wines,www.printhiewines.com.au
Natasha Hawker,Natasha,Hawker,Employee Matters Pty Ltd,www.employeematters.com.au
Hamish Walmsley,Hamish,Walmsley,First Press Coffee,www.firstpresscoffee.com
Chris Mathews,Chris,Mathews,Little Urchin,www.littleurchin.com.au
David Hansen,David,Hansen,Creative Medicine Pharmacy,www.creativepharmacy.com.au
Maciek Slodyczka,Maciek,Slodyczka,Joolca Pty Limited,www.joolca.com.au
Mark Stubbs,Mark,Stubbs,Market Fair,www.visitmarketfair.com.au
Tara Ladd,Tara,Ladd,Your One and Only,www.youroneandonly.com.au
Benjamin Young,Benjamin,Young,frank green,www.frankgreen.com.au
Gwen Ford,Gwen,Ford,Petplan Australasia Pty Ltd,www.petplan.com.au
Natalie Amar,Natalie,Amar,The Mind Body Heart Studio,www.mindbodyheart.com.au
Mark Connolly,Mark,Connolly,MSI Taylor,www.msitaylor.com.au
Andrew Koerner,Andrew,Koerner,Blue Pyrenees Estate Pty Ltd,www.bluepyrenees.com.au
Jared Sawyer,Jared,Sawyer,Grinders Coffee Pty. Ltd.,www.grinderscoffee.com.au
Stuart Flanigan,Stuart,Flanigan,KSR Partners,www.ksrpartners.com.au
Bill Abbott,Bill,Abbott,Bicycle Superstore,www.bicyclesuperstore.com.au
Lisa Dempsey,Lisa,Dempsey,Jac+ Jack,www.jacandjack.com
Neil Thomas,Neil,Thomas,Plastics Australia,www.plasticsaust.com.au
Weirder Thee Better,,,Weirder the Better,www.weirderthebetter.com.au
