First Last,First,Last,Company,Domain
Krista Huebner,Krista,Huebner,Basil Bangs Pty Ltd,www.basilbangs.com
Celina Di Pisa,Celina,Pisa,Camixa Shirts,www.camixa.com
Emma Pensini,Emma,Pensini,Fine Fettle Furnishings,www.fine-fettle.com.au
Steve Rowley,Steve,Rowley,frank body,www.frankbody.com
Martin Chris Dougiamas,Martin,Dougiamas,Moodle Pty Ltd.,www.moodle.com
Rowan Brown,Rowan,Brown,Recovery Partners Australia,www.rrp.com.au
Tarj Mavi,Tarj,Mavi,La Mav,www.lamav.com
Declan Wise,Declan,Wise,Afends,www.afends.com
Scott Brandon,Scott,Brandon,Bright Brewery,www.brightbrewery.com.au
Jason Held,Jason,Held,Saber Astronautics,www.saberastro.com
Jodi Marsh,Jodi,Marsh,Sanguine Estate Heathcote Wines,www.sanguinewines.com.au
Simon Arms,Simon,Arms,AusCellardoor,www.auscellardoor.com.au
Jessie Goh,Jessie,Goh,Summer Lane,www.summerlane.com.au
Simon Pugh,Simon,Pugh,QLM Label Makers Pty Ltd.,www.qlm.com.au
Michael Starr,Michael,Starr,Logicall Communications,www.logicall.com.au
Jason Abbott,Jason,Abbott,Vanessa Australia,www.vanessaaustralia.com.au
Laura Price,Laura,Price,Peoplecare,www.peoplecare.com.au
Sam Thomas,Sam,Thomas,Paul Bram,www.paulbram.com.au
Simon Kelly,Simon,Kelly,Renegade Empire,www.renegade-empire.com
Motoo Noda,,,Banks Journal,www.banksjournal.com
