First Last,First,Last,Company,Domain
Cameron Mckenzie Mcharg,Cameron,Mcharg,776 Bc,www.776bc.com
Wayne Kennard,Wayne,Kennard,Sankofa,www.sankofa.com.au
Zia Keirouz,Zia,Keirouz,Booktopia Pty Ltd.,www.booktopia.com.au
Donna Guest,Donna,Guest,Blue Illusion,www.blueillusion.com
Kristina Karlsson,Kristina,Karlsson,kikki.K Pty Ltd.,www.kikki-k.com
Graham Dean,Graham,Dean,Harris Scarfe,www.harrisscarfe.com.au
Jacqueline Bennett,Jacqueline,Bennett,Optus,www.optus.com.au
Daniel Anania,Daniel,Anania,Anania Jewellers,www.anania.com.au
Vera Yan,Vera,Yan,Nimble Activewear,www.nimbleactivewear.com
Jon Dirks,Jon,Dirks,Art Collector,www.artcollector.net.au
James Crighton,James,Crighton,Bakers Delight,www.bakersdelight.com.au
Aaron Jaques,Aaron,Jaques,Bakers Delight,www.bakersdelight.com.au
Anthony Grice,Anthony,Grice,Clark Rubber Franchising Pty. Ltd.,www.clarkrubber.com.au
Raman Singh,Raman,Singh,Red Balloon Pty Ltd.,www.redballoon.com.au
Michael Stroud,Michael,Stroud,Reusables Etc,www.reusablesetc.com.au
Sharon Barak,Sharon,Barak,Napoleon Perdis Cosmetics Pty. Ltd.,www.napoleonperdis.com
Sean Cooney,Sean,Cooney,Omologist.com,www.omologist.com
Cam Mclellan,Cam,Mclellan,OpenCorp,www.opencorp.com.au
Greg Hodgkiss,Greg,Hodgkiss,Cyber Indemnity Solutions,www.cyberindemnitysolutions.com
Lynn Labonty,,,Bakers Delight,www.bakersdelight.com.au
