First Last,First,Last,Company,Domain
Rdney Clark,Rdney,Clark,Bali Gifts,www.baligifts.com.au
Paul Shepard,Paul,Shepard,Naturally Safe Cosmetics Australia Pty Ltd,www.naturallysafe.com.au
Jeffrey Grosset,Jeffrey,Grosset,Grosset Wines,www.grosset.com.au
Robin Waugh,Robin,Waugh,Pet City,www.petcitywa.com.au
Ron Storageking,Ron,Storageking,Storage King Pty Ltd,www.storageking.com.au
Richard Munao,Richard,Munao,Cult Design,www.cultdesign.com.au
Craig Hawkins,Craig,Hawkins,Accent Blinds,www.accentblinds.com.au
Jean Christophe Burckhardt,Jean,Burckhardt,Christophe Living,www.christopheliving.com.au
Rado Saragih,Rado,Saragih,Territory Insurance Office,www.tiofi.com.au
David Eland,David,Eland,Northern NSW Football,www.northernnswfootball.com.au
Justin Gregory,Justin,Gregory,Bakers Delight,www.bakersdelight.com.au
Alyce Fleming,Alyce,Fleming,Bunnings Group Limited,www.bunnings.com.au
Steve Waters,Steve,Waters,Right Property Group,www.rightpropertygroup.com.au
Stephen Henschke,Stephen,Henschke,Henschke,www.henschke.com.au
Naomi Nichols,Naomi,Nichols,Moose Toys,www.moosetoys.com
Vanessa Gannaway,Vanessa,Gannaway,Bakers Delight,www.bakersdelight.com.au
Antonia Mercorella,Antonia,Mercorella,The REIQ,www.reiq.com
Gareth John Homas,Gareth,Homas,Exisle Publishing,www.exislepublishing.com
Peter Macaulay,Peter,Macaulay,Kitchen Warehouse (Aust) Pty Ltd.,www.kitchenwarehouse.com.au
Guo Qiang Wang,,,BOC Australia Pty Limited,www.boc.com.au
