First Last,First,Last,Company,Domain
Rachel Green,Rachel,Green,The Hoyts Corporation Pty. Limited,www.hoyts.com.au
Raff Cotroneo,Raff,Cotroneo,Mesop,www.mesop.com
Stene Marshall,Stene,Marshall,Equipmed,www.equipmed.com
David Dornan,David,Dornan,Moose Toys,www.moosetoys.com
Stephen Drayton,Stephen,Drayton,Ivanhoe Wines,www.ivanhoewines.com.au
Paul Graham,Paul,Graham,Pelican Airlines Pty Ltd,www.flypelican.com.au
David Fardon,David,Fardon,Linneys,www.linneys.com.au
Brett Charlesworth,Brett,Charlesworth,Charlesworth Nuts Pty. Ltd.,www.charlesworthnuts.com.au
Andrew Ronchi,Andrew,Ronchi,dorsaVi Ltd,www.dorsavi.com
Todd Williams,Todd,Williams,Eylex Pty Ltd,www.eylex.com.au
Matt Richell,Matt,Richell,Hachette Australia Pty Ltd.,www.hachette.com.au
Alexander Boffa,Alexander,Boffa,frank body,www.frankbody.com
Glenn Maynard,Glenn,Maynard,Australian Graphic Servicing,www.agsservice.com.au
Kalien Selby,Kalien,Selby,Scitech,www.scitech.org.au
Tarj Mavi,Tarj,Mavi,La Mav,www.lamav.com
Henry Schein,Henry,Schein,Henry Schein Halas,www.henryschein.com.au
Mark Leenaerts,Mark,Leenaerts,Cycles Galleria,www.cyclesgalleria.com.au
Edward Hartley,Edward,Hartley,Bluethumb,www.bluethumb.com.au
Holly Kramer,Holly,Kramer,Best & Less Pty Ltd,www.bestandless.com.au
Wayne Mcintyre,,,Celmac,www.celmac.com.au
