First Last,First,Last,Company,Domain
Martin Hawley,Martin,Hawley,Pelican Airlines Pty Ltd,www.flypelican.com.au
Joliana Jo,Joliana,Jo,Gym and Fitness Pty Ltd,www.gymandfitness.com.au
Robert Hill Smith,Robert,Smith,Yalumba Wine Company,www.yalumba.com
Bhavesh Kotecha,Bhavesh,Kotecha,Transmin Pty Ltd,www.transmin.com.au
Justine Murphy,Justine,Murphy,Kitchen Warehouse (Aust) Pty Ltd.,www.kitchenwarehouse.com.au
John Cuff,John,Cuff,Wine Ark Pty Ltd.,www.wine-ark.com.au
Anna Ross,Anna,Ross,Kester Black Pty Ltd,www.kesterblack.com
Ofra Ronen,Ofra,Ronen,Di Bartoli Coffee,www.dibartoli.com.au
Talitha Becker,Talitha,Becker,SASS Clothing,www.sassclothing.com.au
Adina Jozsef,Adina,Jozsef,Adina Jozsef,www.adinajozsef.com.au
Colin Gregory,Colin,Gregory,The Evic Group,www.evic.com.au
Doug Mair,Doug,Mair,Wortley Group Pty Ltd,www.wortleygroup.com.au
Amy Heinicke,Amy,Heinicke,Langmeil Winery,www.langmeilwinery.com.au
Audrey Khaing Jones,Audrey,Jones,Glam Corner Pty Ltd,www.glamcorner.com.au
Chris Graham,Chris,Graham,BCF Ultrasound Australasia,www.bcfultrasound.com
Vinita Baravkar,Vinita,Baravkar,Bhumi Organic Cotton,www.bhumi.com.au
Cameron Hocking,Cameron,Hocking,Total Tools,www.totaltools.com.au
Tate Smith,Tate,Smith,Culture Kings,www.culturekings.com.au
Wendy Wang,Wendy,Wang,Ideal Furniture,www.idealofficefurniture.com.au
Sharon Hamilton,,,Fella Hamilton,www.fellahamilton.com.au
